# FIXME: This test failed on recovery test.
# Because the stored state of updatable `approx_count_distinct` is incorrect.

statement ok
SET RW_IMPLICIT_FLUSH TO true;

statement ok
create table t (
    v1 bool,
    v2 smallint,
    v3 int,
    v4 bigint,
    v5 real,
    v6 double,
    v7 numeric,
    v8 date,
    v9 time,
    v10 timestamp,
    v11 interval,
    v12 varchar,
    v13 bytea,
    v14 jsonb,
    v15 int[]
);

statement ok
create materialized view mv as
select
    approx_count_distinct(v1) as count_v1,
    approx_count_distinct(v2) as count_v2,
    approx_count_distinct(v3) as count_v3,
    approx_count_distinct(v4) as count_v4,
    approx_count_distinct(v5) as count_v5,
    approx_count_distinct(v6) as count_v6,
    approx_count_distinct(v7) as count_v7,
    approx_count_distinct(v8) as count_v8,
    approx_count_distinct(v9) as count_v9,
    approx_count_distinct(v10) as count_v10,
    approx_count_distinct(v11) as count_v11,
    approx_count_distinct(v12) as count_v12,
    approx_count_distinct(v13) as count_v13,
    approx_count_distinct(v14) as count_v14,
    approx_count_distinct(v15) as count_v15
from t;

query IIIIIIIIIIIIIII
select * from mv;
----
0 0 0 0 0 0 0 0 0 0 0 0 0 0 0

statement ok
insert into t values
(true,  1, 100, 1000, 1.23, 3.45, 123.45, '2023-08-08', '12:34:56', '2023-08-08 12:34:56', '1 day',  'hello', E'\\x01020304', '{"k": "v"}',   '{1, 2, 3}'),
(false, 2, 200, 2000, 2.34, 4.56, 234.56, '2023-08-09', '23:45:56', '2023-08-09 23:45:56', '2 days', 'world', E'\\x05060708', '{"k2": "v2"}', '{4, 5, 6}');

statement ok
flush;

query IIIIIIIIIIIIIII
select * from mv;
----
2 2 2 2 2 2 2 2 2 2 2 2 2 2 2

statement ok
insert into t select * from t;

statement ok
flush;

query IIIIIIIIIIIIIII
select * from mv;
----
2 2 2 2 2 2 2 2 2 2 2 2 2 2 2

statement ok
delete from t where v2 = 2;

statement ok
flush;

query I
select * from mv;
----
1 1 1 1 1 1 1 1 1 1 1 1 1 1 1

statement ok
drop materialized view mv;

statement ok
drop table t;
