statement ok
SET RW_IMPLICIT_FLUSH TO true;

statement ok
create table t(v1 boolean, v2 int, v3 varchar, v4 jsonb, v5 struct<key int, val int[]>, v6 struct<key int, val varchar>[]);

statement ok
create materialized view mv_tmp as
select jsonb_agg(v1) as j1 from t;

statement ok
drop materialized view mv_tmp;

statement ok
create materialized view mv1 as
select
    jsonb_agg(v1 order by v2) as j1,
    jsonb_agg(v2 order by v2) as j2,
    jsonb_object_agg(v3, v4) as j3,
    jsonb_agg(v5 order by v2) as j4,
    jsonb_object_agg(v3, v6) as j5
from t;

statement ok
insert into t values
    (null, 2, 'bbb', null, row(3, array[1, 2, 3]), null),
    (false, 1, 'ccc', 'null', null, array[row(21, 'v21'), row(22, 'v22')]);

query TTT
select * from mv1;
----
[false, null]  [1, 2]  {"bbb": null, "ccc": null}  [null, {"key": 3, "val": [1, 2, 3]}]  {"bbb": null, "ccc": [{"key": 21, "val": "v21"}, {"key": 22, "val": "v22"}]}

statement ok
insert into t values
    (true, 0, 'bbb', '999', row(1, array[1, 3]), array[row(31, 'v31')]),
    (true, 8, 'ddd', '{"foo": "bar"}', row(9, array[10]), null);

query TTT
select * from mv1;
----
[true, false, null, true]  [0, 1, 2, 8]  {"bbb": 999, "ccc": null, "ddd": {"foo": "bar"}} [{"key": 1, "val": [1, 3]}, null, {"key": 3, "val": [1, 2, 3]}, {"key": 9, "val": [10]}]  {"bbb": [{"key": 31, "val": "v31"}], "ccc": [{"key": 21, "val": "v21"}, {"key": 22, "val": "v22"}], "ddd": null}

statement ok
drop materialized view mv1;

statement ok
drop table t;
