statement ok
SET RW_IMPLICIT_FLUSH TO true;

statement ok
create table t (
    i2 int2,
    i4 int4,
    i8 int8,
    f4 float4,
    f8 float8,
    dec decimal,
    v varchar,
    b bytea,
    t time,
    d date,
    ts timestamp,
    tsz timestamp with time zone,
    i interval
) append only;

statement ok
create materialized view mins as
select
    min(i2) as i2,
    min(i4) as i4,
    min(i8) as i8,
    min(f4) as f4,
    min(f8) as f8,
    min(dec) as dec,
    min(v) as v,
    min(b) as b,
    min(t) as t,
    min(d) as d,
    min(ts) as ts,
    min(tsz) as tsz,
    min(i) as i
from t;

statement ok
create materialized view maxs as
select
    max(i2) as i2,
    max(i4) as i4,
    max(i8) as i8,
    max(f4) as f4,
    max(f8) as f8,
    max(dec) as dec,
    max(v) as v,
    max(b) as b,
    max(t) as t,
    max(d) as d,
    max(ts) as ts,
    max(tsz) as tsz,
    max(i) as i
from t;

statement ok
insert into t values (
    2,
    2,
    2,
    2.0,
    2.0,
    2.0,
    '2',
    '2',
    '02:00:00',
    '2002-02-02',
    '2002-02-02 02:00:00',
    '2002-02-02 02:00:00Z',
    interval '2' hour
)

query IIIRRRTTTTTTTT
select * from mins
----
2 2 2 2 2 2.0 2 \x32 02:00:00 2002-02-02 2002-02-02 02:00:00 2002-02-02 02:00:00+00:00 02:00:00

query IIIRRRTTTTTTTT
select * from maxs
----
2 2 2 2 2 2.0 2 \x32 02:00:00 2002-02-02 2002-02-02 02:00:00 2002-02-02 02:00:00+00:00 02:00:00

statement ok
insert into t values (
    1,
    1,
    1,
    1.0,
    1.0,
    1.0,
    '1',
    '1',
    '01:00:00',
    '2001-01-01',
    '2001-01-01 01:00:00',
    '2001-01-01 01:00:00+00:00',
    interval '1' hour
)

query IIIRRRTTTTTTTT
select * from mins
----
1 1 1 1 1 1.0 1 \x31 01:00:00 2001-01-01 2001-01-01 01:00:00 2001-01-01 01:00:00+00:00 01:00:00

query IIIRRRTTTTTTTT
select * from maxs
----
2 2 2 2 2 2.0 2 \x32 02:00:00 2002-02-02 2002-02-02 02:00:00 2002-02-02 02:00:00+00:00 02:00:00

statement ok
insert into t values (
    3,
    3,
    3,
    3.0,
    3.0,
    3.0,
    '3',
    '3',
    '03:00:00',
    '2003-03-03',
    '2003-03-03 03:00:00',
    '2003-03-03 03:00:00+00:00',
    interval '3' hour
)

query IIIRRRTTTTTTTT
select * from mins
----
1 1 1 1 1 1.0 1 \x31 01:00:00 2001-01-01 2001-01-01 01:00:00 2001-01-01 01:00:00+00:00 01:00:00

query IIIRRRTTTTTTTT
select * from maxs
----
3 3 3 3 3 3.0 3 \x33 03:00:00 2003-03-03 2003-03-03 03:00:00 2003-03-03 03:00:00+00:00 03:00:00

statement ok
drop materialized view mins;

statement ok
drop materialized view maxs;

statement ok
drop table t;
