statement ok
SET RW_IMPLICIT_FLUSH TO true;

statement ok
create table t1 (v1 int);

statement ok
create table t2 (v2 int);

# Simple Agg
statement ok
create materialized view mv1 as with max_v2 as (select max(v2) max from t2) select v1 from t1, max_v2 where v1 > max;

# Top-1, unsupported due to https://github.com/risingwavelabs/risingwave/issues/5764
# statement ok
# create materialized view mv2 as with max_v2 as (select v2 max from t2 order by v2 desc limit 1) select v1 from t1, max_v2 where v1 > max;

statement ok
insert into t1 values (1), (2), (3);

# RHS is NULL means predicate is not true
query I
select * from mv1 order by v1;
----

statement ok
insert into t2 values (0);

query I
select * from mv1 order by v1;
----
1
2
3

# query I
# select * from mv2 order by v1;
# ----
# 1
# 2
# 3

statement ok
insert into t2 values (2);

query I
select * from mv1 order by v1;
----
3

# query I
# select * from mv2 order by v1;
# ----
# 3

statement ok
update t2 set v2 = 1 where v2 = 2;

query I
select * from mv1 order by v1;
----
2
3

# query I
# select * from mv2 order by v1;
# ----
# 2
# 3

# Deletion of RHS results in predicate not TRUE
statement ok
delete from t2 where true;

query I
select * from mv1 order by v1;
----


# Insertion into RHS after deletion is still correct
statement ok
insert into t2 values (1);

query I
select * from mv1 order by v1;
----
2
3

statement ok
drop materialized view mv1;

# statement ok
# drop materialized view mv2;

statement ok
drop table t1;

statement ok
drop table t2;

#  Simple Agg with timestamp/timestamptz
statement ok
create table t1 (v1 timestamp);

statement ok
create table t2 (v2 timestamp with time zone);

statement ok
create materialized view mv1 as with max_v2 as (select max(v2) max from t2) select v1 from t1, max_v2 where v1 > max;

statement ok
insert into t1 values ('2001-01-01 19:00:00'), ('2001-01-01 20:00:00'), ('2001-01-01 21:00:00');

# RHS is NULL means predicate is not true
query I
select * from mv1 order by v1;
----

statement ok
insert into t2 values ('2001-01-01 18:00:00+00:00');

query I
select * from mv1 order by v1;
----
2001-01-01 19:00:00
2001-01-01 20:00:00
2001-01-01 21:00:00

statement ok
insert into t2 values ('2001-01-01 20:00:00+00:00');

query I
select * from mv1 order by v1;
----
2001-01-01 21:00:00

statement ok
drop materialized view mv1;

statement ok
drop table t1;

statement ok
drop table t2;