statement ok
SET RW_IMPLICIT_FLUSH TO true;

query T
select array_transform('{1,2,3}'::int[], |x| x * 2);
----
{2,4,6}

query T
select array_transform('{1,2,3}'::int[], |x| (x::double precision+0.5));
----
{1.5,2.5,3.5}

query T
select array_transform('{1,2,3}'::int[], |x| (x::double precision+0.5));
----
{1.5,2.5,3.5}

query T
select array_transform(
    array_transform(
        array_transform('{1,2,3}'::int[], |x| x * 2),
        |x| x + 0.5
    ),
    |x| concat(x::varchar, '!')
)
----
{2.5!,4.5!,6.5!}

query T
select array_transform(
    ARRAY['Apple', 'Airbnb', 'Amazon', 'Facebook', 'Google', 'Microsoft', 'Netflix', 'Uber'],
    |x| case when x ilike 'A%' then 'A' else 'Other' end
)
----
{A,A,A,Other,Other,Other,Other,Other}

statement ok
create table t(v int, arr int[]);

statement ok
insert into t values (4, '{1,2,3}'), (5, '{4,5,6,8}');

# this makes sure `x + 1` is not extracted as common sub-expression by accident. See #11766
query TT
select array_transform(arr, |x| x + 1), array_transform(arr, |x| x + 1 + 2) from t order by v;
----
{2,3,4} {4,5,6}
{5,6,7,9} {7,8,9,11}

# this clarifies that we do not support referencing columns.
statement error
select array_transform(arr, |x| x + v) from t;

statement ok
drop table t;
