statement ok
create table t(a int, b text, c date);

statement ok
comment on table t is 'Lorem ipsum';

statement ok
comment on column t.a is 'Praesent elementum';

statement ok
comment on column public.t.c is 'Nullam ultricies';

statement ok
comment on column public.t._row_id is 'facilisis enim';

query TIIIT
SELECT
    c.relname,
    (
        SELECT relname FROM pg_catalog.pg_class WHERE oid = d.classoid
    ) AS classoid,
    d.objsubid,
    d.description
FROM
    pg_catalog.pg_description d
    JOIN pg_catalog.pg_class c
        ON d.objoid = c.oid
ORDER BY d.objsubid;
----
t  rw_tables  -1  facilisis enim
t  rw_tables   0  Lorem ipsum
t  rw_tables   1  Praesent elementum
t  rw_tables   3  Nullam ultricies

statement ok
comment on table public.t is NULL;

statement ok
comment on column t._row_id is NULL;

statement ok
comment on column t.c is '';

statement ok
comment on column public.t.b is 'Vivamus fermentum';

query TIIIT
SELECT
    c.relname,
    (
        SELECT relname FROM pg_catalog.pg_class WHERE oid = d.classoid
    ) AS classoid,
    d.objsubid,
    d.description
FROM
    pg_catalog.pg_description d
    JOIN pg_catalog.pg_class c
        ON d.objoid = c.oid
ORDER BY d.objsubid;
----
t  rw_tables  1  Praesent elementum
t  rw_tables  2  Vivamus fermentum

statement ok
drop table t;
