statement ok
SET RW_IMPLICIT_FLUSH TO true;

statement ok
create table t1 (v1 real, v2 int, v3 varchar);


# Insert

statement ok
insert into t1 (v2, v1, v3) values (1, 2, 'a'), (3, 4, 'b');

query RI rowsort
select * from t1;
----
2 1 a
4 3 b

statement ok
insert into t1 (v2, v1) values (1, 2), (3, 4);

statement ok
insert into t1 values (1, 2), (3, 4);

statement ok
drop table t1;

statement ok
create table t (v1 real, v2 int);

# Insert

statement ok
insert into t values (114, 10), (514, 20);

query RI
select v1, v2 from t order by v2;
----
114 10
514 20

statement ok
insert into t values (810, 40), (1919, 30);

query RI
select v1, v2 from t order by v2;
----
114 10
514 20
1919 30
810 40

# Update

statement ok
update t set (v1, v2) = (v2 + 5, v1) where v1 >= 810;

query RI
select v1, v2 from t order by v2;
----
114 10
514 20
45 810
35 1919

statement ok
update t set v1 = DEFAULT where v2 = 810;

query RI
select v1, v2 from t order by v2;
----
114 10
514 20
NULL 810
35 1919

# Delete

statement ok
delete from t where v2 = 810;

query RI
select v1, v2 from t order by v2;
----
114 10
514 20
35 1919

query I
select count(*) from t;
----
3

statement ok
delete from t;

query RI
select v1, v2 from t order by v2;
----

query I
select count(*) from t;
----
0

statement ok
drop table t;

statement ok
create table t (v1 int, v2 int primary key, v3 varchar);

statement ok
insert into t values (0, 1, 'a'), (1, 2, 'b');

statement ok
update t set (v1, v3) = (v1+v2, v3||v3);

query IIT
select * from t order by v1;
----
1 1 aa
3 2 bb

statement error update modifying the PK column is unsupported
update t set (v3, v2) = (v3||v3, v1+v2);

statement ok
drop table t;
