statement ok
SET RW_IMPLICIT_FLUSH TO true;

statement ok
CREATE VIEW v1 AS SELECT 1;

query I
SELECT * FROM v1;
----
1

statement error
CREATE VIEW v2(a, b) AS SELECT 1;

statement ok
CREATE VIEW v2(a, b) AS SELECT 1, 2;

query I
SELECT * FROM v2;
----
1 2

statement ok
CREATE TABLE t(a int, b int);

statement ok
INSERT INTO t VALUES (114, 1), (514, 0);

statement ok
CREATE VIEW v3 AS SELECT * FROM t FULL OUTER JOIN v2 ON t.b=v2.a;

query II rowsort
SELECT * FROM v3;
----
114 1 1    2
514 0 NULL NULL

# v3 depends on t. We can't drop t.

statement error
DROP TABLE t;

statement error Permission denied
DROP VIEW v2;

statement ok
DROP VIEW v3;

statement ok
DROP VIEW v2;

statement error
SELECT * FROM v3;

# We can drop t and v2 now
statement ok
DROP TABLE t;

statement ok
DROP VIEW v1;

# Test struct field accessing

statement ok
create table t1 (s struct<v1 int, v2 VARCHAR>);

statement ok
create view v2 as select (s).v1, (s).v2 from t1;

statement ok
create view v3 as select (t1.s).* from t1;
-- create view v3 as select (t1).s.* from t1;

statement ok
create view v4 as select (t1.s).* from t1;

statement ok
insert into t1 values ((114, '514'));

query IT
select v1, v2 from v2;
----
114 514

query I
select count(*) from v2;
----
1

query IT
select v1, v2 from v3;
----
114 514

query I
select count(*) from v3;
----
1

query IT
select v1, v2 from v4;
----
114 514

query I
select count(*) from v4;
----
1

statement ok
drop view v2;

statement ok
drop view v3;

statement ok
drop view v4;

statement ok
drop table t1;
