statement ok
SET RW_IMPLICIT_FLUSH TO true;

query I
select * from range('2008-03-01 00:00:00'::TIMESTAMP,'2008-03-04 12:00:00'::TIMESTAMP, interval '12' hour)
----
2008-03-01 00:00:00
2008-03-01 12:00:00
2008-03-02 00:00:00
2008-03-02 12:00:00
2008-03-03 00:00:00
2008-03-03 12:00:00
2008-03-04 00:00:00

query I
select * from range(timestamp '2020-01-01 01:02:03', timestamp '2021-01-01 03:04:05', interval '1' month);
----
2020-01-01 01:02:03
2020-02-01 01:02:03
2020-03-01 01:02:03
2020-04-01 01:02:03
2020-05-01 01:02:03
2020-06-01 01:02:03
2020-07-01 01:02:03
2020-08-01 01:02:03
2020-09-01 01:02:03
2020-10-01 01:02:03
2020-11-01 01:02:03
2020-12-01 01:02:03
2021-01-01 01:02:03

query I
select * from range(timestamp '2021-01-01 03:04:05', timestamp '2020-01-01 01:02:03', interval '1' month-interval '60' day);
----
2021-01-01 03:04:05
2020-12-03 03:04:05
2020-11-04 03:04:05
2020-10-05 03:04:05
2020-09-06 03:04:05
2020-08-07 03:04:05
2020-07-09 03:04:05
2020-06-10 03:04:05
2020-05-11 03:04:05
2020-04-12 03:04:05
2020-03-13 03:04:05
2020-02-13 03:04:05
2020-01-13 03:04:05

query I
SELECT * FROM range('1'::INT,'3'::INT)
----
1
2

query I
SELECT * FROM range('2'::INT,'10'::INT,'2'::INT)
----
2
4
6
8

query I
SELECT * FROM range('2'::INT + '2'::INT,'10'::INT,'2'::INT);
----
4
6
8

query I
SELECT * FROM range('2'::INT + '2'::INT,'10'::INT,'2'::INT);
----
4
6
8

query I
SELECT * FROM range('10'::INT,'2'::INT,'-2'::INT);
----
10
8
6
4

statement error step size cannot equal zero
SELECT * FROM range('2'::INT,'10'::INT,'0'::INT);

query I
SELECT * FROM range('2'::INT,'10'::INT,'-2'::INT);
----

query I
SELECT * FROM range('10000000000'::BIGINT,'10000000002'::BIGINT)
----
10000000000
10000000001

query I
SELECT * FROM range('10000000000'::BIGINT,'10000000002'::BIGINT, 2::BIGINT)
----
10000000000

query R
SELECT * FROM range(0.1::numeric, 2.1::numeric)
----
0.1
1.1

query R
SELECT * FROM range(0.1::numeric, 2.1::numeric, 0.5::numeric)
----
0.1
0.6
1.1
1.6

statement error start value cannot be infinity
SELECT * FROM range('infinity'::numeric,10::numeric);

statement error stop value cannot be infinity
SELECT * FROM range(0::numeric,'-infinity'::numeric);

statement error stop value cannot be NaN
SELECT * FROM range(0::numeric,'nan'::numeric);

statement error start value cannot be infinity
SELECT * FROM range('infinity'::numeric,10::numeric,0::numeric);

statement error stop value cannot be infinity
SELECT * FROM range(0::numeric,'-infinity'::numeric,0::numeric);

statement error step value cannot be NaN
SELECT * FROM range(0::numeric,10::numeric,'nan'::numeric);

statement error start value cannot be infinity
SELECT * FROM range('-infinity'::numeric,'infinity'::numeric,'nan'::numeric);

# test table function with aliases
query I
SELECT alias from range(1,2) alias;
----
1

query I
SELECT alias.alias from range(1,2) alias;
----
1

query I
SELECT alias.col from range(1,2) alias(col);
----
1
