statement ok
create table t1(v1 int, v2 int, v3 int);

statement ok
insert into t1 values(1,1,1),(1,2,1),(1,2,2),(1,3,1),(1,3,2),(1,3,3);

statement ok
create materialized view mv1 as select * from t1 order by v1 asc, v2 desc, v3 asc;

statement ok
create materialized view mv2 as select * from t1 order by v1 desc, v2 desc, v3 desc;

statement ok
create materialized view mv3 as select * from t1 order by v1 asc, v2 asc, v3 asc;

query III
select * from mv1 where (v1,v2,v3) > (1,3,1) order by v3;
----
1 3 2
1 3 3

query III
select * from mv2 where (v1,v2,v3) > (1,3,1) order by v3;
----
1 3 2
1 3 3

query III
select * from mv3 where (v1,v2,v3) > (1,3,1) order by v3;
----
1 3 2
1 3 3

query III
select * from mv1 where (v1,v2,v3) < (1,3,1) order by v1,v2,v3;
----
1 1 1
1 2 1
1 2 2

query III
select * from mv2 where (v1,v2,v3) < (1,3,1) order by v1,v2,v3;
----
1 1 1
1 2 1
1 2 2

query III
select * from mv3 where (v1,v2,v3) < (1,3,1) order by v1,v2,v3;
----
1 1 1
1 2 1
1 2 2

statement ok
drop materialized view mv3;

statement ok
drop materialized view mv2;

statement ok
drop materialized view mv1;

statement ok
drop table t1;
