statement ok
SET RW_IMPLICIT_FLUSH TO true;

statement ok
create table t1 (v1 int, v2 bigint, v4 int);

statement ok
create table t2 (v1 int, v3 int, v4 int);

statement ok
insert into t1 values(1, 2, 3);

statement ok
insert into t2 values(1, 2, 3);

query III
select * from t1 union select * from t2
----
1 2 3

query III
select * from t1 union all select * from t2
----
1 2 3
1 2 3

query III
select * from t1 union all select * from t2 order by v1
----
1 2 3
1 2 3

statement error
select * from t1 union all select * from t2 order by v1 + 1


query I
select 1 union select 1
----
1

query I
select 1 union all select 1
----
1
1

statement error
select 1 as a union all select 1 as b order by a + 1;

query I
select 1 as a union all select 1 as b order by a;
----
1
1

query I
select 1 union all select null
----
1
NULL

query T
select null union all select null
----
NULL
NULL

statement error
select null union all select null select union 1

query II
select * from t1 union all corresponding select * from t2 order by v1
----
1 3
1 3

query II
select * from t1 union corresponding select v4, v3 as v1 from t2 order by v1
----
1 3
2 3

query II
select * from t1 union all corresponding by (v4, v1) select * from t2
----
3 1
3 1

query II
select * from t1 union corresponding by (v4) select * from t2
----
3

statement error
select * from t1 union corresponding by (vxx) select * from t2
----
db error: ERROR: Failed to run the query

Caused by:
  Invalid input syntax: Column name `vxx` in CORRESPONDING BY is not found in a side of the UNION operation. It shall be included in both sides.


statement ok
create table txx (vxx int);

statement error
select * from t1 union corresponding select * from txx
----
db error: ERROR: Failed to run the query

Caused by:
  Invalid input syntax: When CORRESPONDING is specified, at least one column of the left side shall have a column name that is the column name of some column of the right side in a UNION operation. Left side query column list: ("v1", "v2", "v4"). Right side query column list: ("vxx").


statement ok
drop table t1;

statement ok
drop table t2;

statement ok
drop table txx;
