query I
SELECT * FROM unnest(Array[1,2,3]);
----
1
2
3

query I
SELECT * FROM unnest(Array[Array[1,3,4,5],Array[2,3]]);
----
1
3
4
5
2
3

# table functions used with usual expressions (those in Project): padding
query II
SELECT unnest(Array[1,2,3]), 1;
----
1 1
2 1
3 1

# multiple table functions: padding with NULL
query I
select unnest(array[1,2,3]), unnest(array['a', 'b']);
----
1 a
2 b
3 NULL

query I
select unnest(array[1,2,3]) * unnest(array[10, 100]);
----
10
200
NULL

query I
select a from unnest(array[1,2,3]) as u(a);
----
1
2
3

query II
select u1.a, u2.b from unnest(array[1,2]) as u1(a), unnest(array['a','b']) as u2(b);
----
1 a
1 b
2 a
2 b

statement ok
SET RW_IMPLICIT_FLUSH TO true;

statement ok
create table t(x int[]);

statement ok
insert into t values (Array[1,2]), (Array[1,NULL]), (Array[3,4,5]), (NULL);

query I rowsort
select unnest(x), x from t;
----
1	{1,2}
1	{1,NULL}
2	{1,2}
3	{3,4,5}
4	{3,4,5}
5	{3,4,5}
NULL	{1,NULL}

statement ok
drop table t;

# https://github.com/risingwavelabs/risingwave/issues/7812
query I rowsort
select distinct unnest(array[1,1,2,3,1]) as x;
----
1
2
3

query I
select * from unnest(array[0,1,2]) with ordinality;
----
0 1
1 2
2 3

query I
select * from unnest(array[0,1,2]) with ordinality, unnest(array[3,4]) with ordinality as unnest_2;
----
0 1 3 1
0 1 4 2
1 2 3 1
1 2 4 2
2 3 3 1
2 3 4 2

statement ok
create table t(arr varchar[]);

statement ok
insert into t values (Array['a','b', 'c']), (Array['d','e']);

query I rowsort
select * from t cross join unnest(t.arr) WITH ORDINALITY AS x(elts, num);
----
{a,b,c} a 1
{a,b,c} b 2
{a,b,c} c 3
{d,e}   d 1
{d,e}   e 2

statement ok
drop table t;
