# Test setup
statement ok
CREATE TABLE employees (
    id INTEGER,
    employee_name VARCHAR,
    department_id INTEGER
);

statement ok
CREATE TABLE departments (
    department_name VARCHAR,
    department_id INTEGER
);

statement ok
INSERT INTO employees (id, employee_name, department_id) VALUES
    (1, 'Alice', 1),
    (2, 'Bob', 2),
    (3, 'Charlie', 1);

statement ok
INSERT INTO departments (department_name, department_id) VALUES
    ('Engineering', 1),
    ('HR', 2);

statement ok
flush

query TT rowsort
SELECT e.employee_name, d.department_name
FROM employees e NATURAL JOIN departments d
ORDER BY employee_name;
----
Alice Engineering
Bob HR
Charlie Engineering

# Test cross join
query TT rowsort
SELECT e.employee_name, d.department_name
FROM employees e CROSS JOIN departments d
ORDER BY e.employee_name, d.department_name;
----
Alice Engineering
Alice HR
Bob Engineering
Bob HR
Charlie Engineering
Charlie HR

statement ok
DROP TABLE employees;

statement ok
DROP TABLE departments;

statement ok
CREATE TABLE t0(c0 INT, c1 INT, c2 INT, PRIMARY KEY(c0));

statement ok
CREATE TABLE t1(c0 INT, c1 INT, PRIMARY KEY(c0));

statement ok
INSERT INTO t0(c0, c1, c2) VALUES (1, 1,  1);

statement ok
INSERT INTO t1(c0) VALUES (2);

statement ok
flush

query I rowsort
SELECT c2 FROM t1 NATURAL LEFT JOIN t0;
----
NULL

query I rowsort
SELECT c2 FROM t1 NATURAL LEFT JOIN t0 WHERE (c1 IS NULL);
----
NULL

statement ok
drop table t0;

statement ok
drop table t1;
