statement ok
SET RW_IMPLICIT_FLUSH TO true;

query I
select '1'::rw_int256 + '100000000000000000000000000000000'::rw_int256;
----
100000000000000000000000000000001

query I
select '1'::rw_int256 + '-100000000000000000000000000000000'::rw_int256;
----
-99999999999999999999999999999999

query I
select '100000000000000000000000000000000'::rw_int256 - '1'::rw_int256;
----
99999999999999999999999999999999

query I
select '10000000000000000'::rw_int256 * '10000000000000000'::rw_int256;
----
100000000000000000000000000000000

query I
select '-10000000000000000'::rw_int256 * '10000000000000000'::rw_int256;
----
-100000000000000000000000000000000

query I
select '100000000000000000000000000000000'::rw_int256 / '1'::rw_int256;
----
100000000000000000000000000000000

query I
select '100000000000000000000000000000000'::rw_int256 / '-1'::rw_int256;
----
-100000000000000000000000000000000

query I
select '10000000000000000'::rw_int256 % '2'::rw_int256;
----
0

query I
select '10000000000000000'::rw_int256 % '-2'::rw_int256;
----
0

query R
select '1'::rw_int256 / 2::float8;
----
0.5

query R
select '1'::rw_int256 / 3::double precision;
----
0.3333333333333333

query R
select '10000000000000000'::rw_int256 / 2::double precision;
----
5000000000000000

query I
select abs('-10000000000000000'::rw_int256);
----
10000000000000000

query I
select -('-10000000000000000'::rw_int256);
----
10000000000000000

query I
select hex_to_int256('0x11');
----
17

query I
select hex_to_int256('0xffffffffffffffffffffffffffffffffffffffffffffffffffffffffffffffef');
----
-17

query I
select hex_to_int256('0xfffffffffffffffffffffffffffffffffffffffffffffffffffffffffffffff');
----
7237005577332262213973186563042994240829374041602535252466099000494570602495

query I
select hex_to_int256('0xffffffffffffffffffffffffffffffffffffffffffffffffffffffffffffff01');
----
-255

statement ok
create table t (v rw_int256)

statement ok
insert into t values (1), (100), (10000), (100000000), (10000000000000000), ('100000000000000000000000000000000');

query I rowsort
select * from t;
----
1
100
10000
100000000
10000000000000000
100000000000000000000000000000000

statement ok
insert into t values (0);

statement ok
insert into t values (-1), (-100), (-10000), (-100000000), (-10000000000000000), ('-100000000000000000000000000000000');

query I
select * from t order by v asc;
----
-100000000000000000000000000000000
-10000000000000000
-100000000
-10000
-100
-1
0
1
100
10000
100000000
10000000000000000
100000000000000000000000000000000

query I
select * from t order by v desc;
----
100000000000000000000000000000000
10000000000000000
100000000
10000
100
1
0
-1
-100
-10000
-100000000
-10000000000000000
-100000000000000000000000000000000

query I rowsort
select * from t where v > 0;
----
1
100
10000
100000000
10000000000000000
100000000000000000000000000000000

query B
select 1::rw_int256 is null;
----
f

query I
select distinct v::rw_int256 from generate_series(1, 1, 1) as t(v);
----
1

query I
select max(v) from t;
----
100000000000000000000000000000000

query I
select min(v) from t;
----
-100000000000000000000000000000000

query I
select count(v) from t;
----
13

statement ok
insert into t values (1);

query I
select sum(v) from t;
----
1

query I
select count(v) from t;
----
14

query I
select count(distinct v) from t;
----
13

query I
select sum(distinct v) from t;
----
0

statement ok
drop table t;

statement ok
create table t (v rw_int256)

statement ok
insert into t values (1), (1), (2), (2), (3), (3), (4), (5);

query RR
select avg(v), avg(distinct v) from t;
----
2.625 3

query RRRR
select stddev_pop(v), stddev_samp(v), var_pop(v), var_samp(v) from t
----
1.3169567191065923 1.407885953173359 1.734375 1.9821428571428572

statement ok
drop table t;

query TT
select v::varchar, pg_typeof(v) from (select 1::rw_int256 + 1::int) as t(v);
----
2 rw_int256

query TT
select v::varchar, pg_typeof(v) from (select 1::int + 1::rw_int256) as t(v);
----
2 rw_int256

query TT
select v::varchar, pg_typeof(v) from (select 1::rw_int256 - 1::int) as t(v);
----
0 rw_int256

query TT
select v::varchar, pg_typeof(v) from (select 1::int - 1::rw_int256) as t(v);
----
0 rw_int256

query TT
select v::varchar, pg_typeof(v) from (select 1::rw_int256 * 1::int) as t(v);
----
1 rw_int256

query TT
select v::varchar, pg_typeof(v) from (select 1::int * 1::rw_int256) as t(v);
----
1 rw_int256

query TT
select v::varchar, pg_typeof(v) from (select 1::rw_int256 / 1::int) as t(v);
----
1 rw_int256

query TT
select v::varchar, pg_typeof(v) from (select 1::int / 1::rw_int256) as t(v);
----
1 rw_int256

query TT
select v::varchar, pg_typeof(v) from (select 1::rw_int256 % 1::int) as t(v);
----
0 rw_int256

query TT
select v::varchar, pg_typeof(v) from (select 1::int % 1::rw_int256) as t(v);
----
0 rw_int256

query TT
select v::varchar, pg_typeof(v) from (select sum(1::rw_int256)) as t(v);
----
1 rw_int256

query TT
select v::varchar, pg_typeof(v) from (select avg(1::rw_int256)) as t(v);
----
1 double precision

query TT
select v::varchar, pg_typeof(v) from (select 1::rw_int256 + 1::rw_int256) as t(v);
----
2 rw_int256