statement error
create table t(v int) with (retention_seconds = 5);

statement ok
create table t(v int) APPEND ONLY with (retention_seconds = 5);

statement ok
create index i on t(v);

statement ok
insert into t values(1);

statement ok
flush;

query I
select * from t;
----
1

query I
select * from i;
----
1

statement ok
select pg_sleep(10);

query I
select * from t;
----

query I
select * from i;
----

statement ok
drop table t;