statement ok
SET RW_IMPLICIT_FLUSH TO true;

statement ok
create table t1 (x int, y int)

statement ok
create table t2 (x int, y int)

statement ok
create table t3(x int, y int)

statement ok
insert into t1 values (1, 1), (2, 2), (1, null), (null, 2), (2, null), (null, 1), (null, null)

statement ok
insert into t2 values (1, 2), (2, 2), (1, null), (null, 2), (2, null), (null, 1), (null, null)

statement ok
insert into t3 values (1, 2), (2, 2), (1, null), (null, 2), (2, null), (null, 1), (null, null)

query II
select * from t1 where exists(select * from t2 where t1.x = t2.x and t1.y <> t2.y) order by t1.x, t1.y
----
1 1

query II
select * from t1 where not exists(select * from t2 where t1.x = t2.x and t1.y <> t2.y) order by t1.x, t1.y
----
1 NULL
2 2
2 NULL
NULL 1
NULL 2
NULL NULL

query II
select * from t1 where t1.y in (select t1.y from t2 where t1.x = t2.x) order by t1.x, t1.y
----
1 1
2 2

query II
select * from t1 where exists(select x from t2 where t1.x = t2.x and t2.y in (select t3.y from t3 where t1.x = t3.x)) order by t1.x, t1.y
----
1 1
1 NULL
2 2
2 NULL

query II
select * from t1 where exists(select t2.x from t2 join t3 on t2.x = t3.x and t1.y = t2.y and t1.y = t3.y) order by t1.x, t1.y
----
2 2
NULL 2

query II
select * from t1 where exists(select t3.x from (select x,y from t2 where t1.y = t2.y) t2 join t3 on t2.x = t3.x) order by t1.x, t1.y;
----
2 2
NULL 2

query II
select * from t1 where exists(select t2.x from t2 left join t3 on t2.x = t3.x and t1.y = t2.y and t1.y = t3.y) order by t1.x, t1.y;
----
1 1
1 NULL
2 2
2 NULL
NULL 1
NULL 2
NULL NULL

query II
select * except (b,d) from (select t1.x as a, t1.y as b, t2.x as c, t2.y as d from t1 join t2 on t1.x = t2.x where t1.x=1);
----
1 1
1 1
1 1
1 1

query II
select * except (t1.x, t2.y), * except (t1.y, t2.x) from t1 join t2 on t1.y = t2.y where exists(select * from t3 where t1.x = t3.x and t2.y = t3.y) order by t2.x;
----
2 1 2 2
2 2 2 2
2 NULL 2 2

statement ok
drop table t1;

statement ok
drop table t2;

statement ok
drop table t3;


statement ok
create table t1 (x int, y int)

statement ok
create table t2 (x int)

statement ok
insert into t1 values (1, 1), (1, 2)

statement ok
insert into t2 values (1), (1)

query II
select *  from t1 where y in (select sum(t2.x) from t2 group by t1.y);
----
1 2

statement ok
drop table t1;

statement ok
drop table t2;

statement ok
create table t1 (a int, b int);

statement ok
insert into t1 values (1, NULL), (2, 3), (NULL, NULL);

query II
select a, (select count(*) from t1 where t1.a <> t.b) from t1 as t order by 1;
----
1 0
2 2
NULL 0

query II
select a, (select array_agg(t1.a) filter (where t1.a is distinct from 1) from t1 where t1.a <> t.b) from t1 as t order by 1;
----
1 NULL
2 {2}
NULL NULL

statement ok
drop table t1;

statement ok
create table t1 (a int, b int);

statement ok
create table t2 (c int, d int);

statement ok
insert into t1 values (1, 1);

query IIII
select * from t1 left join t2 on t1.a = t2.c where exists (select t2.d is null);
----
1 1 NULL NULL

query IIII
select * from t1 left join t2 on t1.a = t2.c where exists (select t2.d where t2.d is null);
----
1 1 NULL NULL

query IIII
select * from t1 left join t2 on t1.a = t2.c where exists (select t2.d where t2.d is not null);
----

statement ok
insert into t2 values (1, 1);

query II
select * from t2 where exists (select distinct on(a) a from t1 where b = d);
----
1 1

statement ok
drop table t1;

statement ok
drop table t2;
